use sistema_bancario;

INSERT INTO cliente(nome_Cliente, Cidade_cliente, endereco_cliente)
VALUES
('Mariana', 'Blumenau', 'Rua Vila Nova, 123'),
('Ana', 'Gaspar', 'Rua Cafuné, 456'),
('Pedro', 'Pomerode', 'Rua Boa Vista, 789'),
('Lucas', 'Itajaí', 'Rua Santo Antônio, 101'),
('Cláudia', 'Joinville', 'Rua Aeroporto, 202'),
('Carlos', 'Florianópolis', 'Rua Centro, 303'),
('Fernanda', 'São José', 'Rua Serra Azul, 404'),
('Roberta', 'Balneário Camboriú', 'Rua Praia Brava, 505'),
('Rafael', 'Chapecó', 'Rua X, 606'),
('Eduardo', 'Criciúma', 'Rua Y, 707'),
('Maria', 'Tubarão', 'Rua Z, 808'),
('João', 'Palhoça', 'Rua A, 909'),
('Patrícia', 'Caçador', 'Rua B, 1001'),
('Gustavo', 'Lages', 'Rua C, 1101'),
('Tatiane', 'Rio do Sul', 'Rua D, 1201'),
('Fábio', 'São Francisco do Sul', 'Rua E, 1301'),
('Cinthia', 'Curitibanos', 'Rua F, 1401'),
('Bruna', 'Araranguá', 'Rua G, 1501'),
('Igor', 'Indaial', 'Rua H, 1601'),
('Aline', 'São Bento do Sul', 'Rua I, 1701'),
('Juliano', 'Guaramirim', 'Rua J, 1801'),
('Bárbara', 'Barra Velha', 'Rua K, 1901'),
('Guilherme', 'Biguaçu', 'Rua L, 2001'),
('Mônica', 'Imbituba', 'Rua M, 2101'),
('Nathália', 'Mafra', 'Rua N, 2201'),
('Tânia', 'Xanxerê', 'Rua O, 2301'),
('Kleber', 'Brusque', 'Rua P, 2401'),
('Valéria', 'Cavalcante', 'Rua Q, 2501'),
('Felipe', 'Porto Belo', 'Rua R, 2601'),
('Jéssica', 'Rio Negrinho', 'Rua S, 2701'),
('Tiago', 'Cachoeira do Sul', 'Rua T, 2801'),
('Vera', 'Timbó', 'Rua U, 2901'),
('Sérgio', 'Palmeira', 'Rua V, 3001'),
('Jaqueline', 'Campo Alegre', 'Rua W, 3101'),
('Carla', 'Ouro', 'Rua X, 3201'),
('Michele', 'Ponta Grossa', 'Rua Y, 3301'),
('Ricardo', 'São Joaquim', 'Rua Z, 3401'),
('Júlio', 'Videira', 'Rua AA, 3501'),
('Simone', 'Camboriú', 'Rua AB, 3601'),
('Wilson', 'Joinville', 'Rua AC, 3701'),
('Adriana', 'Araquari', 'Rua AD, 3801'),
('Raul', 'Criciúma', 'Rua AE, 3901'),
('Leila', 'Nova Veneza', 'Rua AF, 4001'),
('César', 'Rio das Ostras', 'Rua AG, 4101'),
('Davi', 'Jaraguá do Sul', 'Rua AH, 4201'),
('Karla', 'São Ludgero', 'Rua AI, 4301'),
('Vanessa', 'Lages', 'Rua AJ, 4401'),
('Amélia', 'Joinville', 'Rua AK, 4501'),
('Marcelo', 'Imaruí', 'Rua AL, 4601'),
('Milena', 'São João Batista', 'Rua AM, 4701'),
('Eliane', 'Agrolândia', 'Rua AN, 4801'),
('Kátia', 'Içara', 'Rua AO, 4901'),
('Fábia', 'Garuva', 'Rua AP, 5001'),
('Marcela', 'Rio do Oeste', 'Rua AQ, 5101'),
('Juliano', 'São Miguel do Oeste', 'Rua AR, 5201'),
('Paula', 'Morro da Fumaça', 'Rua AS, 5301'),
('Anderson', 'Pomerode', 'Rua AT, 5401'),
('Tatiane', 'Itajaí', 'Rua AU, 5501'),
('Juliano', 'Gaspar', 'Rua AV, 5601'),
('Guilherme', 'Blumenau', 'Rua AW, 5701'),
('Simone', 'São José', 'Rua AX, 5801'),
('Alessandra', 'Balneário Camboriú', 'Rua AY, 5901'),
('Rogério', 'Chapecó', 'Rua AZ, 6001'),
('Júlia', 'Florianópolis', 'Rua BA, 6101'),
('Douglas', 'Criciúma', 'Rua BB, 6201'),
('Alana', 'Tubarão', 'Rua BC, 6301'),
('Carolina', 'São João Batista', 'Rua BD, 6401'),
('Marcos', 'Palhoça', 'Rua BE, 6501'),
('Isabela', 'Caçador', 'Rua BF, 6601'),
('Rodrigo', 'Imbituba', 'Rua BG, 6701'),
('Marina', 'Lages', 'Rua BH, 6801'),
('Bruno', 'Curitibanos', 'Rua BI, 6901'),
('Gustavo', 'Araranguá', 'Rua BJ, 7001'),
('Jessica', 'Indaial', 'Rua BK, 7101'),
('Raquel', 'São Bento do Sul', 'Rua BL, 7201'),
('Tatiane', 'Joinville', 'Rua BM, 7301'),
('Érica', 'Guaramirim', 'Rua BN, 7401'),
('Thiago', 'Barra Velha', 'Rua BO, 7501'),
('Lúcia', 'Biguaçu', 'Rua BP, 7601'),
('Luana', 'Imbituba', 'Rua BQ, 7701'),
('Rogério', 'Mafra', 'Rua BR, 7801'),
('Daniele', 'Xanxerê', 'Rua BS, 7901'),
('Rita', 'Brusque', 'Rua BT, 8001'),
('Cláudia', 'Cavalcante', 'Rua BU, 8101'),
('Fábio', 'Porto Belo', 'Rua BV, 8201'),
('César', 'Rio Negrinho', 'Rua BW, 8301'),
('Júlia', 'Cachoeira do Sul', 'Rua BX, 8401'),
('Felipe', 'Timbó', 'Rua BY, 8501'),
('Patrícia', 'Palmeira', 'Rua BZ, 8601'),
('Carlos', 'Campo Alegre', 'Rua CA, 8701'),
('Michele', 'Ouro', 'Rua CB, 8801'),
('Eduardo', 'Ponta Grossa', 'Rua CC, 8901'),
('Rafael', 'São Joaquim', 'Rua CD, 9001'),
('Daniela', 'Videira', 'Rua CE, 9101'),
('Priscila', 'Camboriú', 'Rua CF, 9201'),
('Ricardo', 'Joinville', 'Rua CG, 9301'),
('Vanessa', 'Araquari', 'Rua CH, 9401'),
('Aline', 'Criciúma', 'Rua CI, 9501'),
('Ricardo', 'Nova Veneza', 'Rua CJ, 9601'),
('Jéssica', 'Rio das Ostras', 'Rua CK, 9701'),
('Amanda', 'Jaraguá do Sul', 'Rua CL, 9801'),
('Fábio', 'São Ludgero', 'Rua CM, 9901'),
('Sérgio', 'Lages', 'Rua CN, 10001');


INSERT INTO conta(saldo_conta, IdAgencia, IDCliente)
VALUES
(123.3, 1, 1),
(200.0, 2, 2),
(150.75, 3, 3),
(500.0, 4, 4),
(320.4, 5, 5),
(210.0, 6, 6),
(1234.56, 7, 7),
(987.65, 8, 8),
(765.43, 9, 9),
(543.21, 10, 10),
(432.1, 1, 11),
(678.9, 2, 12),
(111.1, 3, 13),
(444.4, 4, 14),
(555.5, 5, 15),
(999.99, 6, 16),
(1000.5, 7, 17),
(1200.3, 8, 18),
(230.45, 9, 19),
(678.88, 10, 20),
(567.34, 1, 21),
(345.67, 2, 22),
(789.12, 3, 23),
(456.89, 4, 24),
(210.98, 5, 25),
(678.56, 6, 26),
(300.77, 7, 27),
(1250.5, 8, 28),
(99.99, 9, 29),
(760.15, 10, 30),
(310.5, 1, 31),
(220.35, 2, 32),
(475.5, 3, 33),
(634.0, 4, 34),
(823.75, 5, 35),
(120.25, 6, 36),
(550.0, 7, 37),
(232.35, 8, 38),
(999.99, 9, 39),
(333.44, 10, 40),
(1200.44, 1, 41),
(2000.0, 2, 42),
(150.0, 3, 43),
(1450.12, 4, 44),
(899.98, 5, 45),
(1234.5, 6, 46),
(750.3, 7, 47),
(965.12, 8, 48),
(678.33, 9, 49),
(444.88, 10, 50),
(125.99, 1, 51),
(222.11, 2, 52),
(333.22, 3, 53),
(444.33, 4, 54),
(555.44, 5, 55),
(666.55, 6, 56),
(777.66, 7, 57),
(888.77, 8, 58),
(999.88, 9, 59),
(1110.0, 10, 60),
(245.55, 1, 61),
(987.76, 2, 62),
(652.88, 3, 63),
(420.9, 4, 64),
(120.1, 5, 65),
(1325.5, 6, 66),
(800.2, 7, 67),
(475.5, 8, 68),
(305.33, 9, 69),
(789.56, 10, 70),
(1234.56, 1, 71),
(987.45, 2, 72),
(555.55, 3, 73),
(689.67, 4, 74),
(798.12, 5, 75),
(432.1, 6, 76),
(876.32, 7, 77),
(554.65, 8, 78),
(225.0, 9, 79),
(390.85, 10, 80),
(666.45, 1, 81),
(333.77, 2, 82),
(1250.98, 3, 83),
(789.33, 4, 84),
(112.34, 5, 85),
(490.12, 6, 86),
(875.65, 7, 87),
(210.44, 8, 88),
(456.78, 9, 89),
(901.23, 10, 90),
(330.11, 1, 91),
(555.44, 2, 92),
(999.87, 3, 93),
(111.33, 4, 94),
(654.32, 5, 95),
(789.01, 6, 96),
(1345.67, 7, 97),
(555.23, 8, 98),
(234.56, 9, 99),
(876.54, 10, 100);

INSERT INTO deposito(valor, IdConta, IdCliente)
VALUES
(3.9, 2, 2),
(50.0, 1, 1),
(100.0, 3, 3),
(200.0, 4, 4),
(75.0, 5, 5),
(10.5, 6, 6),
(250.0, 7, 7),
(500.0, 8, 8),
(150.0, 9, 9),
(180.0, 10, 10),
(120.0, 11, 11),
(75.5, 12, 12),
(320.0, 13, 13),
(60.0, 14, 14),
(110.0, 15, 15),
(400.0, 16, 16),
(90.0, 17, 17),
(95.0, 18, 18),
(250.0, 19, 19),
(35.5, 20, 20),
(150.0, 21, 21),
(100.0, 22, 22),
(275.0, 23, 23),
(180.0, 24, 24),
(50.0, 25, 25),
(10.0, 26, 26),
(400.0, 27, 27),
(50.0, 28, 28),
(300.0, 29, 29),
(85.0, 30, 30),
(200.0, 31, 31),
(150.0, 32, 32),
(250.0, 33, 33),
(500.0, 34, 34),
(450.0, 35, 35),
(600.0, 36, 36),
(320.0, 37, 37),
(200.0, 38, 38),
(150.0, 39, 39),
(100.0, 40, 40),
(300.0, 41, 41),
(125.0, 42, 42),
(400.0, 43, 43),
(250.0, 44, 44),
(700.0, 45, 45),
(150.0, 46, 46),
(100.0, 47, 47),
(150.0, 48, 48),
(50.0, 49, 49),
(25.0, 50, 50),
(75.0, 51, 51),
(250.0, 52, 52),
(500.0, 53, 53),
(150.0, 54, 54),
(300.0, 55, 55),
(100.0, 56, 56),
(400.0, 57, 57),
(75.0, 58, 58),
(200.0, 59, 59),
(300.0, 60, 60),
(600.0, 61, 61),
(200.0, 62, 62),
(500.0, 63, 63),
(350.0, 64, 64),
(100.0, 65, 65),
(150.0, 66, 66),
(200.0, 67, 67),
(150.0, 68, 68),
(100.0, 69, 69),
(80.0, 70, 70),
(200.0, 71, 71),
(50.0, 72, 72),
(400.0, 73, 73),
(100.0, 74, 74),
(90.0, 75, 75),
(300.0, 76, 76),
(200.0, 77, 77),
(500.0, 78, 78),
(450.0, 79, 79),
(400.0, 80, 80),
(100.0, 81, 81),
(200.0, 82, 82),
(300.0, 83, 83),
(125.0, 84, 84),
(75.0, 85, 85),
(500.0, 86, 86),
(150.0, 87, 87),
(600.0, 88, 88),
(100.0, 89, 89),
(300.0, 90, 90),
(200.0, 91, 91),
(250.0, 92, 92),
(150.0, 93, 93),
(100.0, 94, 94),
(75.0, 95, 95),
(150.0, 96, 96),
(500.0, 97, 97),
(250.0, 98, 98),
(600.0, 99, 99),
(200.0, 100, 100),
(1000.0, 101, 101),
(2000.0, 102, 102),
(20000.0, 103, 103);

INSERT INTO emprestimo(idCliente, valor_inicial, saldo_emprestimo)
VALUES
(1, 1000.00, 1000.00),
(2, 1500.00, 1500.00),
(3, 2000.00, 1800.00),  -- Pagamento de 10%
(4, 2500.00, 2500.00),
(5, 3000.00, 2700.00),  -- Pagamento de 10%
(6, 1200.00, 1200.00),
(7, 1500.00, 1350.00),  -- Pagamento de 10%
(8, 1800.00, 1800.00),
(9, 2200.00, 2000.00),  -- Pagamento de 9%
(10, 2500.00, 2500.00),
(11, 3000.00, 3000.00),
(12, 3500.00, 3150.00),  -- Pagamento de 10%
(13, 5000.00, 5000.00),
(14, 4500.00, 4500.00),
(15, 5500.00, 4950.00),  -- Pagamento de 10%
(16, 6000.00, 6000.00),
(17, 6500.00, 6500.00),
(18, 7000.00, 6300.00),  -- Pagamento de 10%
(19, 7500.00, 7500.00),
(20, 8000.00, 8000.00),
(21, 8500.00, 7650.00),  -- Pagamento de 10%
(22, 9000.00, 9000.00),
(23, 9500.00, 8550.00),  -- Pagamento de 10%
(24, 10000.00, 10000.00),
(25, 10500.00, 9450.00),  -- Pagamento de 10%
(26, 11000.00, 11000.00),
(27, 11500.00, 10350.00),  -- Pagamento de 10%
(28, 12000.00, 12000.00),
(29, 12500.00, 11250.00),  -- Pagamento de 10%
(30, 13000.00, 13000.00),
(31, 13500.00, 12150.00),  -- Pagamento de 10%
(32, 14000.00, 14000.00),
(33, 14500.00, 13050.00),  -- Pagamento de 10%
(34, 15000.00, 15000.00),
(35, 15500.00, 13950.00),  -- Pagamento de 10%
(36, 16000.00, 16000.00),
(37, 16500.00, 14850.00),  -- Pagamento de 10%
(38, 17000.00, 17000.00),
(39, 17500.00, 15750.00),  -- Pagamento de 10%
(40, 18000.00, 18000.00),
(41, 18500.00, 16650.00),  -- Pagamento de 10%
(42, 19000.00, 17100.00),  -- Pagamento de 10%
(43, 19500.00, 19500.00),
(44, 20000.00, 18000.00),  -- Pagamento de 10%
(45, 20500.00, 19500.00),
(46, 21000.00, 18900.00),  -- Pagamento de 10%
(47, 21500.00, 21500.00),
(48, 22000.00, 19800.00),  -- Pagamento de 10%
(49, 22500.00, 20250.00),  -- Pagamento de 10%
(50, 23000.00, 23000.00),
(51, 23500.00, 21150.00),  -- Pagamento de 10%
(52, 24000.00, 21600.00),  -- Pagamento de 10%
(53, 24500.00, 24500.00),
(54, 25000.00, 22500.00),  -- Pagamento de 10%
(55, 25500.00, 22950.00),  -- Pagamento de 10%
(56, 26000.00, 26000.00),
(57, 26500.00, 23850.00),  -- Pagamento de 10%
(58, 27000.00, 24300.00),  -- Pagamento de 10%
(59, 27500.00, 27500.00),
(60, 28000.00, 25200.00),  -- Pagamento de 10%
(61, 28500.00, 25650.00),  -- Pagamento de 10%
(62, 29000.00, 29000.00),
(63, 29500.00, 26550.00),  -- Pagamento de 10%
(64, 30000.00, 27000.00),  -- Pagamento de 10%
(65, 30500.00, 30500.00),
(66, 31000.00, 27900.00),  -- Pagamento de 10%
(67, 31500.00, 28350.00),  -- Pagamento de 10%
(68, 32000.00, 32000.00),
(69, 32500.00, 29250.00),  -- Pagamento de 10%
(70, 33000.00, 29700.00),  -- Pagamento de 10%
(71, 33500.00, 33500.00),
(72, 34000.00, 30600.00),  -- Pagamento de 10%
(73, 34500.00, 31050.00),  -- Pagamento de 10%
(74, 35000.00, 35000.00),
(75, 35500.00, 31950.00),  -- Pagamento de 10%
(76, 36000.00, 32400.00),  -- Pagamento de 10%
(77, 36500.00, 36500.00),
(78, 37000.00, 33300.00),  -- Pagamento de 10%
(79, 37500.00, 33750.00),  -- Pagamento de 10%
(80, 38000.00, 38000.00),
(81, 38500.00, 34650.00),  -- Pagamento de 10%
(82, 39000.00, 35100.00),  -- Pagamento de 10%
(83, 39500.00, 39500.00),
(84, 40000.00, 36000.00),  -- Pagamento de 10%
(85, 40500.00, 36450.00),  -- Pagamento de 10%
(86, 41000.00, 41000.00),
(87, 41500.00, 37350.00),  -- Pagamento de 10%
(88, 42000.00, 37800.00),  -- Pagamento de 10%
(89, 42500.00, 42500.00),
(90, 43000.00, 38700.00),  -- Pagamento de 10%
(91, 43500.00, 39150.00),  -- Pagamento de 10%
(92, 44000.00, 44000.00),
(93, 44500.00, 39900.00),  -- Pagamento de 10%
(94, 45000.00, 40500.00),  -- Pagamento de 10%
(95, 45500.00, 45500.00),
(96, 46000.00, 41400.00),  -- Pagamento de 10%
(97, 46500.00, 41950.00),  -- Pagamento de 10%
(98, 47000.00, 47000.00),
(99, 47500.00, 47500.00),
(100, 35000.00, 33000.00),
(101, 30000.00, 20000.00),
(102, 12000.00, 10000.00),
(103, 60000.00, 55000.00);

INSERT INTO pagamento(valor, idemprestimo) 
VALUES 
(200, 3),
(300, 5),
(150, 7),
(200, 9),
(350, 12),
(550, 15),
(700, 18),
(850, 21),
(950, 23),
(1050, 25),
(1150, 27),
(1250, 29),
(1350, 31),
(1450, 33),
(1550, 35),
(1650, 37),
(1750, 39),
(1850, 41),
(1900, 42),
(2000, 44),
(2100, 46),
(2200, 48),
(2250, 49),
(2350, 51),
(2400, 52),
(2500, 54),
(2550, 55),
(2650, 57),
(2700, 58),
(2800, 60);


